Кол,Что искать,Характеристики,Позиции
4,"конденсатор керамический 22uФ, 0805","X5R/X7R, 10 В",C1 C2 C3 C4
2,"конденсатор керамический 22uФ, 0805","X5R/X7R, 6.3 В",C5 C6
11,"конденсатор керамический 0.1uФ, 0805","X7R, 10 В",C7 C14 C19 C401 C503 C601 C802 C803 C804 C805 C820
14,"конденсатор керамический 0.1uФ, 0805","X7R, 6.3 В",C8 C9 C807 C808 C809 C810 C811 C812 C814 C815 C816 C817 C818 C824
5,"конденсатор керамический 22pФ, 0805","C0G (NP0), 50 В",C10 C15 C16 C17 C18
1,"конденсатор керамический 0.47uФ, 0805","X7R, 10 В",C11
1,"конденсатор керамический 10uФ, 0805","X5R/X7R, 16 В",C12
5,"конденсатор керамический 10uФ, 0805","X5R/X7R, 10 В",C13 C501 C505 C602 C801
1,"конденсатор керамический 1uФ, 0805","X7R, 10 В",C504
2,"конденсатор керамический 10uФ, 0805","X5R/X7R, 6.3 В",C806 C813
1,"конденсатор керамический 2.2uФ, 0805","X5R/X7R, 10 В",C819
3,"конденсатор керамический 2.2uФ, 0805","X5R/X7R, 6.3 В",C821 C822 C823
2,"конденсатор керамический 0.47uФ, 0805","X7R, 6.3 В",C826 C827
1,светодиод 0805 красный,,D1
1,светодиод 0805 зелёный,,D2
1,"USBLC6-2SC6, защита USB, SOT-23-6",,D301
1,светодиод 0805 жёлтый,,D901
1,"JST B2B-PH-SM4-TB, PH 2.0 мм, 2 контакта, вертикальный SMD (+ ответная PHR-2 с проводами на банку)",,J1
1,"USB-C 16P, HRO TYPE-C-31-M-12",,J301
1,"штыревой разъём 1×2, шаг 2.54, прямой (провода динамика)",,J501
1,"Hirose FH12-40S-0.5SH(55), FFC 40 контактов, шаг 0.5, нижний контакт",,J601
1,"штыревой разъём 1×4, шаг 2.54, прямой (UART)",,J901
3,"Sunlord SWPA3015S2R2NT, 2.2 мкГн, Isat ≥ 1.6 А, 3×3×1.5",,L1 L2 L3
1,"AO3400A, N-MOSFET, SOT-23",,Q601
1,"резистор 680kОм, 0805",1 %,R1
3,"резистор 150kОм, 0805",1 %,R2 R4 R6
1,"резистор 300kОм, 0805",1 %,R3
1,"резистор 75kОм, 0805",1 %,R5
5,"резистор 1kОм, 0805",5 %,R7 R8 R12 R13 R901
1,"резистор 1MОм, 0805",5 %,R9
1,"резистор 47kОм, 0805",5 %,R10
1,"резистор 1.1kОм, 0805",1 %,R11
1,"резистор 100kОм, 0805",1 %,R14
1,"резистор 68kОм, 0805",1 %,R15
8,"резистор 0Ом, 0805","перемычка 0 Ом, до 2 А",R16 R17 R18 R503 R601 R801 R803 R804
6,"резистор 10kОм, 0805",5 %,R19 R602 R606 R607 R608 R609
1,"резистор 680kОм, 0805",5 %,R20
2,"резистор 5.1kОм, 0805",5 %,R301 R302
1,"резистор 2.2kОм, 0805",5 %,R411
1,"резистор 24kОм, 0805",5 %,R501
2,"резистор 33Ом, 0805",5 %,R603 R604
1,"резистор 240Ом, 0805",1 %,R802
1,"движковый переключатель MSK-12C02, SMD",,SW1
10,"тактовая кнопка PTS645, SMD 6×6",,SW101 SW102 SW103 SW104 SW105 SW106 SW107 SW108 SW109 SW110
1,"Allwinner F133-A, eLQFP-128 14×14 (есть на руках)",,U1
3,"SY8089AAAC, понижающий 2 А, SOT-23-5",,U2 U3 U4
1,"TP4056, зарядник Li-Ion, ESOP-8 с термопадом",,U5
1,"W25Q32JVSNIQ, SPI NOR 4 МБ, SOIC-8 150 mil (НЕ SSIQ 208 mil)",,U401
1,"PAM8301AAF, УНЧ класса D, SOT-23-6",,U501
1,"кварц 24 МГц SMD 3225, 4 вывода, CL 18 пФ, ±20 ppm",,Y1
1,"кварц 32.768 кГц SMD 3215, CL 12.5 пФ",,Y2
